Category,Product_Id,Market
Furniture,F-0001,Apac
Furniture,F-0002,Apac
Furniture,F-0003,Apac
Furniture,F-0004,Apac
Furniture,F-0005,Apac
Furniture,F-0006,Apac
Furniture,F-0007,Apac
Furniture,F-0008,Apac
Furniture,F-0009,Apac
Furniture,F-0010,Apac
Furniture,F-0011,Apac
Furniture,F-0012,Apac
Furniture,F-0013,Apac
Furniture,F-0014,Apac
Furniture,F-0015,Apac
Furniture,F-0016,Apac
Furniture,F-0017,Apac
Furniture,F-0018,Apac
Furniture,F-0019,Apac
Furniture,F-0020,Apac
Furniture,F-0021,Apac
Furniture,F-0022,Apac
Furniture,F-0023,Apac
Furniture,F-0024,Apac
Furniture,F-0025,Apac
Furniture,F-0026,Apac
Furniture,F-0027,Apac
Furniture,F-0028,Apac
Furniture,F-0029,Apac
Furniture,F-0030,Apac
Furniture,F-0031,Apac
Furniture,F-0032,Apac
Furniture,F-0033,Apac
Furniture,F-0034,Apac
Furniture,F-0035,Apac
Furniture,F-0036,Apac
Furniture,F-0037,Apac
Furniture,F-0038,Apac
Furniture,F-0039,Apac
Furniture,F-0040,Apac
Furniture,F-0041,Apac
Furniture,F-0042,Apac
Furniture,F-0043,Latam
Furniture,F-0044,Latam
Furniture,F-0045,Latam
Furniture,F-0046,Latam
Furniture,F-0047,Latam
Furniture,F-0048,Latam
Furniture,F-0049,Latam
Furniture,F-0050,Latam
Furniture,F-0051,Latam
Furniture,F-0052,Latam
Furniture,F-0053,Latam
Furniture,F-0054,Latam
Furniture,F-0055,Latam
Furniture,F-0056,Latam
Furniture,F-0057,Latam
Furniture,F-0058,Latam
Furniture,F-0059,Latam
Furniture,F-0060,Latam
Furniture,F-0061,Latam
Furniture,F-0062,Latam
Furniture,F-0063,Latam
Furniture,F-0064,Latam
Furniture,F-0065,Latam
Furniture,F-0066,Latam
Furniture,F-0067,Latam
Furniture,F-0068,Latam
Furniture,F-0069,Latam
Furniture,F-0070,Latam
Furniture,F-0071,Latam
Furniture,F-0072,Latam
Furniture,F-0073,Latam
Furniture,F-0074,Latam
Furniture,F-0075,Latam
Furniture,F-0076,Latam
Furniture,F-0077,Latam
Furniture,F-0078,Latam
Furniture,F-0079,Latam
Furniture,F-0080,Us
Furniture,F-0081,Us
Furniture,F-0082,Us
Furniture,F-0083,Us
Furniture,F-0084,Us
Furniture,F-0085,Us
Furniture,F-0086,Us
Furniture,F-0087,Us
Furniture,F-0088,Us
Furniture,F-0089,Us
Furniture,F-0090,Us
Furniture,F-0091,Us
Furniture,F-0092,Us
Furniture,F-0093,Us
Furniture,F-0094,Us
Furniture,F-0095,Us
Furniture,F-0096,Us
Furniture,F-0097,Us
Furniture,F-0098,Us
Furniture,F-0099,Us
Furniture,F-0100,Us
Furniture,F-0101,Us
Furniture,F-0102,Us
Furniture,F-0103,Us
Furniture,F-0104,Us
Furniture,F-0105,Us
Furniture,F-0106,Us
Furniture,F-0107,Us
Furniture,F-0108,Us
Furniture,F-0109,Us
Furniture,F-0110,Us
Furniture,F-0111,Eu
Furniture,F-0112,Eu
Furniture,F-0113,Eu
Furniture,F-0114,Eu
Furniture,F-0115,Eu
Furniture,F-0116,Eu
Furniture,F-0117,Eu
Furniture,F-0118,Eu
Furniture,F-0119,Eu
Furniture,F-0120,Eu
Furniture,F-0121,Eu
Furniture,F-0122,Eu
Furniture,F-0123,Eu
Furniture,F-0124,Eu
Furniture,F-0125,Eu
Furniture,F-0126,Eu
Furniture,F-0127,Eu
Furniture,F-0128,Eu
Furniture,F-0129,Eu
Furniture,F-0130,Eu
Furniture,F-0131,Eu
Furniture,F-0132,Eu
Furniture,F-0133,Eu
Furniture,F-0134,Eu
Furniture,F-0135,Eu
Furniture,F-0136,Eu
Furniture,F-0137,Eu
Furniture,F-0138,Emea
Furniture,F-0139,Emea
Furniture,F-0140,Emea
Furniture,F-0141,Emea
Furniture,F-0142,Emea
Furniture,F-0143,Emea
Furniture,F-0144,Emea
Furniture,F-0145,Emea
Furniture,F-0146,Emea
Furniture,F-0147,Emea
Furniture,F-0148,Emea
Furniture,F-0149,Emea
Furniture,F-0150,Emea
Furniture,F-0151,Emea
Furniture,F-0152,Emea
Furniture,F-0153,Emea
Furniture,F-0154,Emea
Furniture,F-0155,Emea
Furniture,F-0156,Emea
Furniture,F-0157,Emea
Furniture,F-0158,Emea
Furniture,F-0159,Emea
Furniture,F-0160,Emea
Furniture,F-0161,Africa
Furniture,F-0162,Africa
Furniture,F-0163,Africa
Furniture,F-0164,Africa
Furniture,F-0165,Africa
Furniture,F-0166,Africa
Furniture,F-0167,Africa
Furniture,F-0168,Africa
Furniture,F-0169,Africa
Furniture,F-0170,Africa
Furniture,F-0171,Africa
Furniture,F-0172,Apac
Furniture,F-0172,Latam
Furniture,F-0173,Apac
Furniture,F-0173,Latam
Furniture,F-0174,Apac
Furniture,F-0174,Latam
Furniture,F-0175,Apac
Furniture,F-0175,Latam
Furniture,F-0176,Apac
Furniture,F-0176,Latam
Furniture,F-0177,Apac
Furniture,F-0177,Latam
Furniture,F-0178,Apac
Furniture,F-0178,Latam
Furniture,F-0179,Apac
Furniture,F-0179,Latam
Furniture,F-0180,Apac
Furniture,F-0180,Latam
Furniture,F-0181,Apac
Furniture,F-0181,Latam
Furniture,F-0182,Apac
Furniture,F-0182,Latam
Furniture,F-0183,Apac
Furniture,F-0183,Latam
Furniture,F-0184,Apac
Furniture,F-0184,Latam
Furniture,F-0185,Apac
Furniture,F-0185,Latam
Furniture,F-0186,Apac
Furniture,F-0186,Us
Furniture,F-0187,Apac
Furniture,F-0187,Us
Furniture,F-0188,Apac
Furniture,F-0188,Us
Furniture,F-0189,Apac
Furniture,F-0189,Us
Furniture,F-0190,Apac
Furniture,F-0190,Us
Furniture,F-0191,Apac
Furniture,F-0191,Us
Furniture,F-0192,Apac
Furniture,F-0192,Us
Furniture,F-0193,Apac
Furniture,F-0193,Us
Furniture,F-0194,Apac
Furniture,F-0194,Us
Furniture,F-0195,Apac
Furniture,F-0195,Us
Furniture,F-0196,Eu
Furniture,F-0196,Emea
Furniture,F-0197,Eu
Furniture,F-0197,Emea
Furniture,F-0198,Eu
Furniture,F-0198,Emea
Furniture,F-0199,Eu
Furniture,F-0199,Emea
Furniture,F-0200,Eu
Furniture,F-0200,Emea
Furniture,F-0201,Eu
Furniture,F-0201,Emea
Furniture,F-0202,Eu
Furniture,F-0202,Emea
Furniture,F-0203,Eu
Furniture,F-0203,Emea
Furniture,F-0204,Latam
Furniture,F-0204,Us
Furniture,F-0205,Latam
Furniture,F-0205,Us
Furniture,F-0206,Latam
Furniture,F-0206,Us
Furniture,F-0207,Latam
Furniture,F-0207,Us
Furniture,F-0208,Latam
Furniture,F-0208,Us
Furniture,F-0209,Latam
Furniture,F-0209,Us
Furniture,F-0210,Africa
Furniture,F-0210,Emea
Furniture,F-0211,Africa
Furniture,F-0211,Emea
Furniture,F-0212,Africa
Furniture,F-0212,Emea
Furniture,F-0213,Africa
Furniture,F-0213,Emea
Furniture,F-0214,Africa
Furniture,F-0214,Emea
Furniture,F-0215,Apac
Furniture,F-0215,Latam
Furniture,F-0215,Us
Furniture,F-0216,Apac
Furniture,F-0216,Latam
Furniture,F-0216,Us
Furniture,F-0217,Apac
Furniture,F-0217,Latam
Furniture,F-0217,Us
Furniture,F-0218,Apac
Furniture,F-0218,Latam
Furniture,F-0218,Us
Technology,T-0001,Eu
Technology,T-0002,Eu
Technology,T-0003,Eu
Technology,T-0004,Eu
Technology,T-0005,Eu
Technology,T-0006,Eu
Technology,T-0007,Eu
Technology,T-0008,Eu
Technology,T-0009,Eu
Technology,T-0010,Eu
Technology,T-0011,Eu
Technology,T-0012,Eu
Technology,T-0013,Eu
Technology,T-0014,Eu
Technology,T-0015,Eu
Technology,T-0016,Eu
Technology,T-0017,Eu
Technology,T-0018,Eu
Technology,T-0019,Eu
Technology,T-0020,Eu
Technology,T-0021,Eu
Technology,T-0022,Eu
Technology,T-0023,Eu
Technology,T-0024,Eu
Technology,T-0025,Eu
Technology,T-0026,Eu
Technology,T-0027,Eu
Technology,T-0028,Eu
Technology,T-0029,Eu
Technology,T-0030,Eu
Technology,T-0031,Eu
Technology,T-0032,Eu
Technology,T-0033,Eu
Technology,T-0034,Eu
Technology,T-0035,Eu
Technology,T-0036,Eu
Technology,T-0037,Eu
Technology,T-0038,Eu
Technology,T-0039,Eu
Technology,T-0040,Apac
Technology,T-0041,Apac
Technology,T-0042,Apac
Technology,T-0043,Apac
Technology,T-0044,Apac
Technology,T-0045,Apac
Technology,T-0046,Apac
Technology,T-0047,Apac
Technology,T-0048,Apac
Technology,T-0049,Apac
Technology,T-0050,Apac
Technology,T-0051,Apac
Technology,T-0052,Apac
Technology,T-0053,Apac
Technology,T-0054,Apac
Technology,T-0055,Apac
Technology,T-0056,Apac
Technology,T-0057,Apac
Technology,T-0058,Apac
Technology,T-0059,Apac
Technology,T-0060,Apac
Technology,T-0061,Apac
Technology,T-0062,Apac
Technology,T-0063,Apac
Technology,T-0064,Apac
Technology,T-0065,Apac
Technology,T-0066,Apac
Technology,T-0067,Apac
Technology,T-0068,Apac
Technology,T-0069,Apac
Technology,T-0070,Apac
Technology,T-0071,Apac
Technology,T-0072,Apac
Technology,T-0073,Apac
Technology,T-0074,Latam
Technology,T-0075,Latam
Technology,T-0076,Latam
Technology,T-0077,Latam
Technology,T-0078,Latam
Technology,T-0079,Latam
Technology,T-0080,Latam
Technology,T-0081,Latam
Technology,T-0082,Latam
Technology,T-0083,Latam
Technology,T-0084,Latam
Technology,T-0085,Latam
Technology,T-0086,Latam
Technology,T-0087,Latam
Technology,T-0088,Latam
Technology,T-0089,Latam
Technology,T-0090,Latam
Technology,T-0091,Latam
Technology,T-0092,Latam
Technology,T-0093,Latam
Technology,T-0094,Latam
Technology,T-0095,Latam
Technology,T-0096,Latam
Technology,T-0097,Latam
Technology,T-0098,Latam
Technology,T-0099,Latam
Technology,T-0100,Latam
Technology,T-0101,Latam
Technology,T-0102,Latam
Technology,T-0103,Us
Technology,T-0104,Us
Technology,T-0105,Us
Technology,T-0106,Us
Technology,T-0107,Us
Technology,T-0108,Us
Technology,T-0109,Us
Technology,T-0110,Us
Technology,T-0111,Us
Technology,T-0112,Us
Technology,T-0113,Us
Technology,T-0114,Us
Technology,T-0115,Us
Technology,T-0116,Us
Technology,T-0117,Us
Technology,T-0118,Us
Technology,T-0119,Us
Technology,T-0120,Us
Technology,T-0121,Us
Technology,T-0122,Us
Technology,T-0123,Us
Technology,T-0124,Us
Technology,T-0125,Us
Technology,T-0126,Us
Technology,T-0127,Us
Technology,T-0128,Emea
Technology,T-0129,Emea
Technology,T-0130,Emea
Technology,T-0131,Emea
Technology,T-0132,Emea
Technology,T-0133,Emea
Technology,T-0134,Emea
Technology,T-0135,Emea
Technology,T-0136,Emea
Technology,T-0137,Emea
Technology,T-0138,Emea
Technology,T-0139,Emea
Technology,T-0140,Emea
Technology,T-0141,Emea
Technology,T-0142,Emea
Technology,T-0143,Emea
Technology,T-0144,Emea
Technology,T-0145,Emea
Technology,T-0146,Emea
Technology,T-0147,Emea
Technology,T-0148,Emea
Technology,T-0149,Africa
Technology,T-0150,Africa
Technology,T-0151,Africa
Technology,T-0152,Africa
Technology,T-0153,Africa
Technology,T-0154,Africa
Technology,T-0155,Africa
Technology,T-0156,Africa
Technology,T-0157,Africa
Technology,T-0158,Africa
Technology,T-0159,Africa
Technology,T-0160,Africa
Technology,T-0161,Africa
Technology,T-0162,Apac
Technology,T-0162,Eu
Technology,T-0163,Apac
Technology,T-0163,Eu
Technology,T-0164,Apac
Technology,T-0164,Eu
Technology,T-0165,Apac
Technology,T-0165,Eu
Technology,T-0166,Apac
Technology,T-0166,Eu
Technology,T-0167,Apac
Technology,T-0167,Eu
Technology,T-0168,Apac
Technology,T-0168,Eu
Technology,T-0169,Apac
Technology,T-0169,Eu
Technology,T-0170,Apac
Technology,T-0170,Eu
Technology,T-0171,Apac
Technology,T-0171,Eu
Technology,T-0172,Apac
Technology,T-0172,Eu
Technology,T-0173,Apac
Technology,T-0173,Eu
Technology,T-0174,Apac
Technology,T-0174,Eu
Technology,T-0175,Apac
Technology,T-0175,Eu
Technology,T-0176,Apac
Technology,T-0176,Eu
Technology,T-0177,Apac
Technology,T-0177,Eu
Technology,T-0178,Apac
Technology,T-0178,Latam
Technology,T-0179,Apac
Technology,T-0179,Latam
Technology,T-0180,Apac
Technology,T-0180,Latam
Technology,T-0181,Apac
Technology,T-0181,Latam
Technology,T-0182,Apac
Technology,T-0182,Latam
Technology,T-0183,Apac
Technology,T-0183,Latam
Technology,T-0184,Apac
Technology,T-0184,Latam
Technology,T-0185,Apac
Technology,T-0185,Latam
Technology,T-0186,Apac
Technology,T-0186,Latam
Technology,T-0187,Apac
Technology,T-0187,Latam
Technology,T-0188,Apac
Technology,T-0188,Latam
Technology,T-0189,Apac
Technology,T-0189,Latam
Technology,T-0190,Eu
Technology,T-0190,Us
Technology,T-0191,Eu
Technology,T-0191,Us
Technology,T-0192,Eu
Technology,T-0192,Us
Technology,T-0193,Eu
Technology,T-0193,Us
Technology,T-0194,Eu
Technology,T-0194,Us
Technology,T-0195,Eu
Technology,T-0195,Us
Technology,T-0196,Eu
Technology,T-0196,Us
Technology,T-0197,Eu
Technology,T-0197,Us
Technology,T-0198,Eu
Technology,T-0198,Us
Technology,T-0199,Eu
Technology,T-0199,Us
Technology,T-0200,Emea
Technology,T-0200,Africa
Technology,T-0201,Emea
Technology,T-0201,Africa
Technology,T-0202,Emea
Technology,T-0202,Africa
Technology,T-0203,Emea
Technology,T-0203,Africa
Technology,T-0204,Emea
Technology,T-0204,Africa
Technology,T-0205,Emea
Technology,T-0205,Africa
Technology,T-0206,Emea
Technology,T-0206,Africa
Technology,T-0207,Emea
Technology,T-0207,Africa
Technology,T-0208,Apac
Technology,T-0208,Eu
Technology,T-0208,Us
Technology,T-0209,Apac
Technology,T-0209,Eu
Technology,T-0209,Us
Technology,T-0210,Apac
Technology,T-0210,Eu
Technology,T-0210,Us
Technology,T-0211,Apac
Technology,T-0211,Eu
Technology,T-0211,Us
Technology,T-0212,Apac
Technology,T-0212,Eu
Technology,T-0212,Us
Office Supplies,OS-0001,Emea
Office Supplies,OS-0002,Emea
Office Supplies,OS-0003,Emea
Office Supplies,OS-0004,Emea
Office Supplies,OS-0005,Emea
Office Supplies,OS-0006,Emea
Office Supplies,OS-0007,Emea
Office Supplies,OS-0008,Emea
Office Supplies,OS-0009,Emea
Office Supplies,OS-0010,Emea
Office Supplies,OS-0011,Emea
Office Supplies,OS-0012,Emea
Office Supplies,OS-0013,Emea
Office Supplies,OS-0014,Emea
Office Supplies,OS-0015,Emea
Office Supplies,OS-0016,Emea
Office Supplies,OS-0017,Emea
Office Supplies,OS-0018,Emea
Office Supplies,OS-0019,Emea
Office Supplies,OS-0020,Emea
Office Supplies,OS-0021,Emea
Office Supplies,OS-0022,Emea
Office Supplies,OS-0023,Emea
Office Supplies,OS-0024,Emea
Office Supplies,OS-0025,Emea
Office Supplies,OS-0026,Emea
Office Supplies,OS-0027,Emea
Office Supplies,OS-0028,Emea
Office Supplies,OS-0029,Emea
Office Supplies,OS-0030,Emea
Office Supplies,OS-0031,Emea
Office Supplies,OS-0032,Emea
Office Supplies,OS-0033,Emea
Office Supplies,OS-0034,Emea
Office Supplies,OS-0035,Emea
Office Supplies,OS-0036,Emea
Office Supplies,OS-0037,Emea
Office Supplies,OS-0038,Emea
Office Supplies,OS-0039,Emea
Office Supplies,OS-0040,Emea
Office Supplies,OS-0041,Emea
Office Supplies,OS-0042,Emea
Office Supplies,OS-0043,Emea
Office Supplies,OS-0044,Emea
Office Supplies,OS-0045,Emea
Office Supplies,OS-0046,Eu
Office Supplies,OS-0047,Eu
Office Supplies,OS-0048,Eu
Office Supplies,OS-0049,Eu
Office Supplies,OS-0050,Eu
Office Supplies,OS-0051,Eu
Office Supplies,OS-0052,Eu
Office Supplies,OS-0053,Eu
Office Supplies,OS-0054,Eu
Office Supplies,OS-0055,Eu
Office Supplies,OS-0056,Eu
Office Supplies,OS-0057,Eu
Office Supplies,OS-0058,Eu
Office Supplies,OS-0059,Eu
Office Supplies,OS-0060,Eu
Office Supplies,OS-0061,Eu
Office Supplies,OS-0062,Eu
Office Supplies,OS-0063,Eu
Office Supplies,OS-0064,Eu
Office Supplies,OS-0065,Eu
Office Supplies,OS-0066,Eu
Office Supplies,OS-0067,Eu
Office Supplies,OS-0068,Eu
Office Supplies,OS-0069,Eu
Office Supplies,OS-0070,Eu
Office Supplies,OS-0071,Eu
Office Supplies,OS-0072,Eu
Office Supplies,OS-0073,Eu
Office Supplies,OS-0074,Eu
Office Supplies,OS-0075,Eu
Office Supplies,OS-0076,Eu
Office Supplies,OS-0077,Eu
Office Supplies,OS-0078,Eu
Office Supplies,OS-0079,Eu
Office Supplies,OS-0080,Eu
Office Supplies,OS-0081,Eu
Office Supplies,OS-0082,Latam
Office Supplies,OS-0083,Latam
Office Supplies,OS-0084,Latam
Office Supplies,OS-0085,Latam
Office Supplies,OS-0086,Latam
Office Supplies,OS-0087,Latam
Office Supplies,OS-0088,Latam
Office Supplies,OS-0089,Latam
Office Supplies,OS-0090,Latam
Office Supplies,OS-0091,Latam
Office Supplies,OS-0092,Latam
Office Supplies,OS-0093,Latam
Office Supplies,OS-0094,Latam
Office Supplies,OS-0095,Latam
Office Supplies,OS-0096,Latam
Office Supplies,OS-0097,Latam
Office Supplies,OS-0098,Latam
Office Supplies,OS-0099,Latam
Office Supplies,OS-0100,Latam
Office Supplies,OS-0101,Latam
Office Supplies,OS-0102,Latam
Office Supplies,OS-0103,Latam
Office Supplies,OS-0104,Latam
Office Supplies,OS-0105,Latam
Office Supplies,OS-0106,Latam
Office Supplies,OS-0107,Latam
Office Supplies,OS-0108,Latam
Office Supplies,OS-0109,Latam
Office Supplies,OS-0110,Latam
Office Supplies,OS-0111,Latam
Office Supplies,OS-0112,Latam
Office Supplies,OS-0113,Latam
Office Supplies,OS-0114,Latam
Office Supplies,OS-0115,Apac
Office Supplies,OS-0116,Apac
Office Supplies,OS-0117,Apac
Office Supplies,OS-0118,Apac
Office Supplies,OS-0119,Apac
Office Supplies,OS-0120,Apac
Office Supplies,OS-0121,Apac
Office Supplies,OS-0122,Apac
Office Supplies,OS-0123,Apac
Office Supplies,OS-0124,Apac
Office Supplies,OS-0125,Apac
Office Supplies,OS-0126,Apac
Office Supplies,OS-0127,Apac
Office Supplies,OS-0128,Apac
Office Supplies,OS-0129,Apac
Office Supplies,OS-0130,Apac
Office Supplies,OS-0131,Apac
Office Supplies,OS-0132,Apac
Office Supplies,OS-0133,Apac
Office Supplies,OS-0134,Apac
Office Supplies,OS-0135,Apac
Office Supplies,OS-0136,Apac
Office Supplies,OS-0137,Apac
Office Supplies,OS-0138,Apac
Office Supplies,OS-0139,Apac
Office Supplies,OS-0140,Apac
Office Supplies,OS-0141,Apac
Office Supplies,OS-0142,Apac
Office Supplies,OS-0143,Us
Office Supplies,OS-0144,Us
Office Supplies,OS-0145,Us
Office Supplies,OS-0146,Us
Office Supplies,OS-0147,Us
Office Supplies,OS-0148,Us
Office Supplies,OS-0149,Us
Office Supplies,OS-0150,Us
Office Supplies,OS-0151,Us
Office Supplies,OS-0152,Us
Office Supplies,OS-0153,Us
Office Supplies,OS-0154,Us
Office Supplies,OS-0155,Us
Office Supplies,OS-0156,Us
Office Supplies,OS-0157,Us
Office Supplies,OS-0158,Us
Office Supplies,OS-0159,Us
Office Supplies,OS-0160,Us
Office Supplies,OS-0161,Us
Office Supplies,OS-0162,Us
Office Supplies,OS-0163,Us
Office Supplies,OS-0164,Us
Office Supplies,OS-0165,Us
Office Supplies,OS-0166,Us
Office Supplies,OS-0167,Africa
Office Supplies,OS-0168,Africa
Office Supplies,OS-0169,Africa
Office Supplies,OS-0170,Africa
Office Supplies,OS-0171,Africa
Office Supplies,OS-0172,Africa
Office Supplies,OS-0173,Africa
Office Supplies,OS-0174,Africa
Office Supplies,OS-0175,Africa
Office Supplies,OS-0176,Africa
Office Supplies,OS-0177,Africa
Office Supplies,OS-0178,Africa
Office Supplies,OS-0179,Emea
Office Supplies,OS-0179,Eu
Office Supplies,OS-0180,Emea
Office Supplies,OS-0180,Eu
Office Supplies,OS-0181,Emea
Office Supplies,OS-0181,Eu
Office Supplies,OS-0182,Emea
Office Supplies,OS-0182,Eu
Office Supplies,OS-0183,Emea
Office Supplies,OS-0183,Eu
Office Supplies,OS-0184,Emea
Office Supplies,OS-0184,Eu
Office Supplies,OS-0185,Emea
Office Supplies,OS-0185,Eu
Office Supplies,OS-0186,Emea
Office Supplies,OS-0186,Eu
Office Supplies,OS-0187,Emea
Office Supplies,OS-0187,Eu
Office Supplies,OS-0188,Emea
Office Supplies,OS-0188,Eu
Office Supplies,OS-0189,Emea
Office Supplies,OS-0189,Eu
Office Supplies,OS-0190,Emea
Office Supplies,OS-0190,Eu
Office Supplies,OS-0191,Emea
Office Supplies,OS-0191,Eu
Office Supplies,OS-0192,Emea
Office Supplies,OS-0192,Eu
Office Supplies,OS-0193,Emea
Office Supplies,OS-0193,Eu
Office Supplies,OS-0194,Emea
Office Supplies,OS-0194,Eu
Office Supplies,OS-0195,Emea
Office Supplies,OS-0195,Eu
Office Supplies,OS-0196,Emea
Office Supplies,OS-0196,Eu
Office Supplies,OS-0197,Latam
Office Supplies,OS-0197,Apac
Office Supplies,OS-0198,Latam
Office Supplies,OS-0198,Apac
Office Supplies,OS-0199,Latam
Office Supplies,OS-0199,Apac
Office Supplies,OS-0200,Latam
Office Supplies,OS-0200,Apac
Office Supplies,OS-0201,Latam
Office Supplies,OS-0201,Apac
Office Supplies,OS-0202,Latam
Office Supplies,OS-0202,Apac
Office Supplies,OS-0203,Latam
Office Supplies,OS-0203,Apac
Office Supplies,OS-0204,Latam
Office Supplies,OS-0204,Apac
Office Supplies,OS-0205,Latam
Office Supplies,OS-0205,Apac
Office Supplies,OS-0206,Latam
Office Supplies,OS-0206,Apac
Office Supplies,OS-0207,Latam
Office Supplies,OS-0207,Apac
Office Supplies,OS-0208,Latam
Office Supplies,OS-0208,Apac
Office Supplies,OS-0209,Latam
Office Supplies,OS-0209,Apac
Office Supplies,OS-0210,Emea
Office Supplies,OS-0210,Us
Office Supplies,OS-0211,Emea
Office Supplies,OS-0211,Us
Office Supplies,OS-0212,Emea
Office Supplies,OS-0212,Us
Office Supplies,OS-0213,Emea
Office Supplies,OS-0213,Us
Office Supplies,OS-0214,Emea
Office Supplies,OS-0214,Us
Office Supplies,OS-0215,Emea
Office Supplies,OS-0215,Us
Office Supplies,OS-0216,Emea
Office Supplies,OS-0216,Us
Office Supplies,OS-0217,Emea
Office Supplies,OS-0217,Us
Office Supplies,OS-0218,Emea
Office Supplies,OS-0218,Us
Office Supplies,OS-0219,Eu
Office Supplies,OS-0219,Latam
Office Supplies,OS-0220,Eu
Office Supplies,OS-0220,Latam
Office Supplies,OS-0221,Eu
Office Supplies,OS-0221,Latam
Office Supplies,OS-0222,Eu
Office Supplies,OS-0222,Latam
Office Supplies,OS-0223,Eu
Office Supplies,OS-0223,Latam
Office Supplies,OS-0224,Eu
Office Supplies,OS-0224,Latam
Office Supplies,OS-0225,Eu
Office Supplies,OS-0225,Latam
Office Supplies,OS-0226,Africa
Office Supplies,OS-0226,Apac
Office Supplies,OS-0227,Africa
Office Supplies,OS-0227,Apac
Office Supplies,OS-0228,Africa
Office Supplies,OS-0228,Apac
Office Supplies,OS-0229,Africa
Office Supplies,OS-0229,Apac
Office Supplies,OS-0230,Africa
Office Supplies,OS-0230,Apac
Office Supplies,OS-0231,Emea
Office Supplies,OS-0231,Eu
Office Supplies,OS-0231,Latam
Office Supplies,OS-0232,Emea
Office Supplies,OS-0232,Eu
Office Supplies,OS-0232,Latam
Office Supplies,OS-0233,Emea
Office Supplies,OS-0233,Eu
Office Supplies,OS-0233,Latam
Office Supplies,OS-0234,Emea
Office Supplies,OS-0234,Eu
Office Supplies,OS-0234,Latam
